<?xml version="1.0" encoding="utf-8"?>
<extension type="component" version="2.5.5" method="upgrade">
    <name>COM_GORILLA</name>

    <!-- The following elements are optional and free of formatting constraints -->
    <creationDate>November 2013</creationDate>
    <author>Rodrigo Kammer</author>
    <authorEmail>info@sohoprospecting.com</authorEmail>
    <authorUrl>https://www.sohoprospecting.com</authorUrl>
    <copyright>2013-2014 SOHO Prospecting</copyright>
    <license>GNU/GPLv2 or later</license>

    <!--  The version string is recorded in the components table -->
    <version>0.0.6</version>

    <!-- The description is optional and defaults to the name -->
    <description>COM_GORILLA_DESCRIPTION</description>

	<!-- Script to help installation -->
	<scriptfile>install.script.php</scriptfile>

    <!-- BEGIN - Database related Scripts -->
	<!-- Runs on install -->
    <install>
        <sql>
            <file driver="mysql" charset="utf8">sql/install.mysql.utf8.sql</file>
        </sql>
    </install>

    <!-- Runs on uninstall -->
    <uninstall>
        <sql>
            <file driver="mysql" charset="utf8">sql/uninstall.mysql.utf8.sql</file>
        </sql>
    </uninstall>

    <!-- Runs on update - will run the file that matches the version defined on xml
         Look for latest version on #__schema -->
    <update>
		<schemas>
			<schemapath type="mysql">sql/updates/mysql</schemapath>
		</schemas>
    </update>
    <!-- END - Database related Scripts -->

    <!-- Site Main File Copy Section -->
    <!-- Note the folder attribute: This attribute describes the folder
            to copy FROM in the package to install therefore files copied
            in this section are copied from /site/ in the package -->
    <files folder="site">
		<filename>index.html</filename>
		<filename>gorilla.php</filename>
		<filename>controller.php</filename>
		<folder>views</folder>
		<folder>models</folder>
		<folder>language</folder>
		<folder>controllers</folder>
    </files>

	<!-- Media files like CSS, imagens and JavaScripts -->
	<!-- They are shared between Backend and Frontend -->
	<media destination="com_gorilla" folder="media">
		<filename>index.html</filename>
		<folder>css</folder>
		<folder>img</folder>
		<folder>js</folder>
		<folder>jscolor</folder>
	</media>

	<!-- Language Folder (Frontend Only) -->
	<language folder="site">
	    <!-- This file has the translationd for Gorilla Component Frontend -->
		<language tag="en-GB">language/en-GB/en-GB.com_gorilla.ini</language>
	</language>

    <administration>
        <!-- Administration Menu Section -->
        <menu img="../media/com_gorilla/img/icon-16-dashboard.png">COM_GORILLA_MENU</menu>
		<submenu>
			<menu view="notebooks"
			      img="../media/com_gorilla/img/icon-16-book.png"
				  alt="Gorilla/Notebooks">COM_GORILLA_SUBMENU_NOTEBOOKS</menu>
			<menu view="documents"
			      img="../media/com_gorilla/img/icon-16-stack.png"
				  alt="Gorilla/Documents">COM_GORILLA_SUBMENU_DOCUMENTS</menu>
		</submenu>

        <!-- Administration Main File Copy Section -->
        <files folder="admin">
            <!-- Admin Main File Copy Section -->
            <filename>index.html</filename>
            <filename>gorilla.php</filename>
			<filename>controller.php</filename>
			<filename>config.xml</filename>
			<filename>access.xml</filename>

			<folder>controllers</folder>
			<folder>helpers</folder>
			<folder>models</folder>
			<folder>sql</folder>
			<folder>tables</folder>
			<folder>views</folder>
        </files>

        <!-- Language Folder (Backend Only) -->
        <languages folder="admin">
            <!-- This file manages Menu items and other translations handled by Joomla -->
            <language tag="en-GB">language/en-GB/en-GB.com_gorilla.sys.ini</language>
            <!-- This file has the translationd for Gorilla Component Backend -->
            <language tag="en-GB">language/en-GB/en-GB.com_gorilla.ini</language>
        </languages>

    </administration>

</extension>